WBS ID,Work Package,Owner,Start Date,End Date,Days,Status,W1 (01-07 Aug),W2 (08-14 Aug),W3 (15-21 Aug),W4 (22-28 Aug),W5 (29 Aug-04 Sep),W6 (05-11 Sep),W7 (12-18 Sep),W8 (19-25 Sep),W9 (26 Sep-02 Oct),W10 (03-09 Oct),W11 (10-16 Oct),W12 (17-23 Oct),W13 (24-30 Oct),W14 (31 Oct-06 Nov),W15 (07-13 Nov),W16 (14-21 Nov)
1.1,Project Scope & Tech Architecture,Abel Mathew Bose,2026-08-01,2026-08-07,7,Completed,100%,,,,,,,,,,,,,,,
1.2,Persona & Journey Mapping,K.M. Meenakshi,2026-08-05,2026-08-11,7,Completed,■,100%,,,,,,,,,,,,,,
1.3,Dev Environment & Version Control,Sen Shaji,2026-08-08,2026-08-14,7,Completed,,100%,,,,,,,,,,,,,,
2.1,Design Tokens & Responsive Layout,K.M. Meenakshi,2026-08-15,2026-08-22,8,Completed,,,■,100%,,,,,,,,,,,,,
2.2,Splash Loader & Landing Showcase,K.M. Meenakshi,2026-08-20,2026-08-28,9,Completed,,,■,100%,,,,,,,,,,,,,
2.3,Dual-Persona Authentication Module,Sidharth K.A,2026-08-26,2026-09-04,10,Completed,,,,■,100%,,,,,,,,,,,,
3.1,KPI Metrics & Career Readiness Gauge,K.M. Meenakshi,2026-09-05,2026-09-14,10,Completed,,,,,■,■,100%,,,,,,,,,,,
3.2,Idle Countdown & Alert Engine,Sen Shaji,2026-09-10,2026-09-19,10,In Progress,,,,,,■,90%,,,,,,,,,,
3.3,Job Pipeline & Status Workflow,Abel Mathew Bose,2026-09-15,2026-09-25,11,In Progress,,,,,,,■,75%,,,,,,,,,
4.1,Job Profiles & Skill Vectors Schema,Sen Shaji,2026-09-26,2026-10-04,9,In Progress,,,,,,,,■,50%,,,,,,,,
4.2,Cosine Similarity Match Computation,Abel Mathew Bose,2026-10-02,2026-10-10,9,Planned,,,,,,,,,■,■,,,,,,
4.3,Radar Visualizer & Match Drawer,Abel Mathew Bose,2026-10-08,2026-10-16,9,Planned,,,,,,,,,,■,■,,,,,
5.1,Skill Evidence Validation Engine,Sidharth K.A,2026-10-17,2026-10-25,9,Planned,,,,,,,,,,,■,■,,,,
5.2,Skill Gap Analysis & Alert Widget,Sidharth K.A,2026-10-22,2026-10-30,9,Planned,,,,,,,,,,,,■,■,,,
5.3,Sequential Assessment & Timed Testing,Sen Shaji,2026-10-28,2026-11-06,10,Planned,,,,,,,,,,,,■,■,,,
6.1,System Validation & Edge Case Testing,Sidharth K.A,2026-11-07,2026-11-13,7,Planned,,,,,,,,,,,,,,■,,
6.2,Mobile Tuning & Asset Optimization,K.M. Meenakshi,2026-11-11,2026-11-17,7,Planned,,,,,,,,,,,,,,■,■,
6.3,Production Deployment & Final Deliverables,Abel Mathew Bose,2026-11-15,2026-11-21,7,Planned,,,,,,,,,,,,,,,■
