WBS ID,Phase,Module,Work Package,Description,Owner,Start Date,End Date,Duration (Days),Status,Progress
1.0,Phase 1: Project Initiation & Requirements Engineering,,,,,,,
1.1,Project Initiation,Architecture & Scope,Project Scope & Tech Architecture,"Define functional specs, AI pipeline architecture, and placement intelligence scope.",Abel Mathew Bose,2026-08-01,2026-08-07,7,Completed,100%
1.2,Project Initiation,User Journeys,Persona & Journey Mapping,Map student readiness tracks and recruiter shortlisting workflow workflows.,K.M. Meenakshi,2026-08-05,2026-08-11,7,Completed,100%
1.3,Project Initiation,Environment Setup,Dev Environment & Version Control,"Configure Git repositories, branches, CI automation, and code standards.",Sen Shaji,2026-08-08,2026-08-14,7,Completed,100%
2.0,Phase 2: UI/UX Design & Frontend Foundation,,,,,,,
2.1,UI/UX Design,Design System,Design Tokens & Responsive Layout,"Create CSS design tokens, modern typography, glassmorphism cards, and dark theme.",K.M. Meenakshi,2026-08-15,2026-08-22,8,Completed,100%
2.2,UI/UX Design,Landing & Splash,Splash Loader & Landing Showcase,"Build animated paper-plane splash screen, hero section, metrics and feature showcase.",K.M. Meenakshi,2026-08-20,2026-08-28,9,Completed,100%
2.3,UI/UX Design,Auth & Access Control,Dual-Persona Authentication Module,"Implement Student/Recruiter login, registration validation, and password eye toggles.",Sidharth K.A,2026-08-26,2026-09-04,10,Completed,100%
3.0,Phase 3: Student Dashboard & Application Tracking,,,,,,,
3.1,Student Platform,Executive Dashboard,KPI Metrics & Career Readiness Gauge,"Interactive stat cards, circular readiness gauge SVG, checklist, and donut breakdown.",K.M. Meenakshi,2026-09-05,2026-09-14,10,Completed,100%
3.2,Student Platform,Inactivity Guardian,Idle Countdown & Alert Engine,"Track user activity, trigger inactivity warning banners, and handle auto-pause of AI matching.",Sen Shaji,2026-09-10,2026-09-19,10,In Progress,90%
3.3,Student Platform,Application Tracker,Job Pipeline & Status Workflow,"Multi-stage pipeline tracking (Bookmarked, Applied, Interviewing, Offer) with deadlines.",Abel Mathew Bose,2026-09-15,2026-09-25,11,In Progress,75%
4.0,Phase 4: AI Opportunity Radar & Matching Engine,,,,,,,
4.1,AI Matching Engine,Opportunity DB,Job Profiles & Skill Vectors Schema,"Build normalized job profiles, required skill sets, salary ranges, and domain taxonomy.",Sen Shaji,2026-09-26,2026-10-04,9,In Progress,50%
4.2,AI Matching Engine,Matching Algorithm,Cosine Similarity Match Computation,Formulate weighted vector matching between student verified skills and job requirements.,Abel Mathew Bose,2026-10-02,2026-10-10,9,Planned,0%
4.3,AI Matching Engine,Opportunity Radar UI,Radar Visualizer & Match Drawer,"Animated radar sweep graphic, filter controls (domain, remote, min match), and breakdown drawer.",Abel Mathew Bose,2026-10-08,2026-10-16,9,Planned,0%
5.0,Phase 5: Skills Trust Engine & Assessment Pipeline,,,,,,,
5.1,Trust & Verification,Skill Builder,Skill Evidence Validation Engine,"Evidence submission interface (GitHub repos, certificate links) and verification engine.",Sidharth K.A,2026-10-17,2026-10-25,9,Planned,0%
5.2,Trust & Verification,Missing Evidence Detector,Skill Gap Analysis & Alert Widget,"Detect unverified skills, prompt students with missing proof alerts, and calculate Trust Index.",Sidharth K.A,2026-10-22,2026-10-30,9,Planned,0%
5.3,Assessment Pipeline,Checkpoint Quizzes,Sequential Assessment & Timed Testing,"Interactive multi-question assessment modal, live countdown timers, and immediate scoring.",Sen Shaji,2026-10-28,2026-11-06,10,Planned,0%
6.0,Phase 6: Integration, Testing & Final Deployment,,,,,,,
6.1,QA & Testing,End-to-End Testing,System Validation & Edge Case Testing,"Validate user flows, local storage persistence, responsive views, and algorithm accuracy.",Sidharth K.A,2026-11-07,2026-11-13,7,Planned,0%
6.2,Performance & UX,Cross-Device Optimization,Mobile Tuning & Asset Optimization,"Fine-tune responsive CSS breakpoints, lazy image rendering, and smooth animations.",K.M. Meenakshi,2026-11-11,2026-11-17,7,Planned,0%
6.3,Release & Closure,Project Review,Production Deployment & Final Deliverables,"Publish platform build, compile project documentation, Gantt review, and presentation.",Abel Mathew Bose,2026-11-15,2026-11-21,7,Planned,0%
